{
  "pca_explained_variance_ratio": [
    0.9683623046252752,
    0.022803050216402138,
    0.007028952885913172,
    0.0017336585099012771,
    3.5398961901264046e-05,
    1.684593337517049e-05,
    1.0101671059656772e-05,
    4.37812194018177e-06,
    3.682082929133611e-06,
    1.6269913028720675e-06
  ],
  "pca_cumulative_variance": [
    0.9683623046252752,
    0.9911653548416773,
    0.9981943077275905,
    0.9999279662374918,
    0.9999633651993931,
    0.9999802111327682,
    0.9999903128038279,
    0.9999946909257681,
    0.9999983730086972,
    1.0
  ],
  "dbscan_n_clusters": 7,
  "decision_tree": {
    "model": "DecisionTree",
    "accuracy": 0.8209,
    "precision": 0.34315100514259,
    "recall": 0.6553571428571429,
    "f1": 0.4504449217551396,
    "roc_auc": 0.790244329150579
  },
  "gaussian_nb": {
    "model": "GaussianNB",
    "accuracy": 0.8662,
    "precision": 0.391,
    "recall": 0.34910714285714284,
    "f1": 0.36886792452830186,
    "roc_auc": 0.774218096444659
  },
  "random_forest": {
    "model": "RandomForest",
    "accuracy": 0.8557,
    "precision": 0.36371308016877635,
    "recall": 0.3848214285714286,
    "f1": 0.3739696312364425,
    "roc_auc": 0.6972605473777348
  }
}