{
  "pca_explained_variance_ratio": [
    0.23837478942686424,
    0.2305198847627115,
    0.14137267852225643,
    0.10797132552472344,
    0.09540156656937528,
    0.09294030264244198,
    0.06599675312062961,
    0.013833661722635726,
    0.007494054998140542,
    0.006094982710221053
  ],
  "pca_cumulative_variance": [
    0.23837478942686424,
    0.46889467418957576,
    0.6102673527118322,
    0.7182386782365556,
    0.8136402448059309,
    0.9065805474483729,
    0.9725773005690025,
    0.9864109622916382,
    0.9939050172897786,
    0.9999999999999997
  ],
  "dbscan_n_clusters": 1,
  "decision_tree": {
    "model": "DecisionTree",
    "accuracy": 0.7911,
    "precision": 0.3073558648111332,
    "recall": 0.6901785714285714,
    "f1": 0.42530949105914717,
    "roc_auc": 0.7878938927767054
  },
  "gaussian_nb": {
    "model": "GaussianNB",
    "accuracy": 0.8662,
    "precision": 0.391,
    "recall": 0.34910714285714284,
    "f1": 0.36886792452830186,
    "roc_auc": 0.774218096444659
  },
  "random_forest": {
    "model": "RandomForest",
    "accuracy": 0.8562,
    "precision": 0.36705685618729095,
    "recall": 0.3919642857142857,
    "f1": 0.3791018998272884,
    "roc_auc": 0.6992740508365509
  }
}