model,accuracy,precision,recall,f1,roc_auc
DecisionTree,0.8951,0.5936675461741425,0.20089285714285715,0.3002001334222815,0.7879815194658946
GaussianNB,0.8662,0.391,0.34910714285714284,0.36886792452830186,0.774218096444659
RandomForest,0.8897,0.5150976909413855,0.25892857142857145,0.34462269756387404,0.7814301801801801
