model,accuracy,precision,recall,f1,roc_auc
DecisionTree,0.8209,0.34315100514259,0.6553571428571429,0.4504449217551396,0.790244329150579
GaussianNB,0.8662,0.391,0.34910714285714284,0.36886792452830186,0.774218096444659
RandomForest,0.8557,0.36371308016877635,0.3848214285714286,0.3739696312364425,0.6972605473777348
