model,accuracy,precision,recall,f1,roc_auc
DecisionTree,0.7911,0.3073558648111332,0.6901785714285714,0.42530949105914717,0.7878938927767054
GaussianNB,0.8662,0.391,0.34910714285714284,0.36886792452830186,0.774218096444659
RandomForest,0.8562,0.36705685618729095,0.3919642857142857,0.3791018998272884,0.6992740508365509
