{
  "clustering": {
    "silhouette": 0.28559423519353366,
    "davies_bouldin": 1.6144900907294382,
    "best_k": 2,
    "cluster_names": {
      "0": "Low-Risk Stable",
      "1": "Moderate-Risk Active"
    },
    "profile": {
      "n": {
        "0": 14976,
        "1": 3444
      },
      "age_mean": {
        "0": 61.896,
        "1": 62.245
      },
      "wt_mean": {
        "0": 100.99,
        "1": 101.34
      },
      "poly_mean": {
        "0": 4.802,
        "1": 4.844
      },
      "opioid_pct": {
        "0": 0.0,
        "1": 1.0
      },
      "gi_severe_pct": {
        "0": 0.084,
        "1": 0.17
      },
      "severity_pct": {
        "0": 0.585,
        "1": 0.6
      },
      "pct_female": {
        "0": 0.582,
        "1": 0.558
      },
      "tto_mean": {
        "0": 64.883,
        "1": 68.229
      }
    }
  },
  "classification": {
    "logistic_regression": {
      "auc": 0.533699168207024,
      "f1": 0.2447714949651433,
      "recall": 0.14602587800369685,
      "precision": 0.7559808612440191,
      "confusion_matrix": [
        [
          1418,
          102
        ],
        [
          1848,
          316
        ]
      ]
    },
    "random_forest": {
      "auc": 0.5475110054480008,
      "f1": 0.4626334519572954,
      "recall": 0.36044362292051757,
      "precision": 0.6456953642384106,
      "cv_auc_mean": 0.5466943755112673,
      "cv_auc_std": 0.0037409342842943875,
      "confusion_matrix": [
        [
          1092,
          428
        ],
        [
          1384,
          780
        ]
      ]
    },
    "feature_columns": [
      "age_yr",
      "wt_kg",
      "polypharmacy_count",
      "concurrent_opioid",
      "sex_bin",
      "is_us",
      "gi_severe_flag",
      "glp1_drug_enc",
      "time_to_onset_days",
      "log_poly",
      "age_wt_interaction"
    ],
    "n_train": 14736,
    "n_test": 3684,
    "class_balance": 0.5875135722041259
  }
}