{
  "clustering": {
    "silhouette": NaN,
    "davies_bouldin": 0.6964444017287189,
    "best_k": 5,
    "cluster_names": {
      "1": "Low-Risk Stable",
      "0": "Moderate-Risk Active",
      "3": "High-Risk Vulnerable",
      "4": "Very High-Risk Complex",
      "2": "Critical Risk"
    },
    "profile": {
      "n": {
        "0": 76791,
        "1": 115606,
        "2": 2718,
        "3": 4543,
        "4": 7316
      },
      "age_mean": {
        "0": 57.801,
        "1": 55.365,
        "2": 57.535,
        "3": 56.059,
        "4": 52.941
      },
      "wt_mean": {
        "0": 98.487,
        "1": 86.724,
        "2": 91.169,
        "3": 90.814,
        "4": 75.952
      },
      "poly_mean": {
        "0": 1.501,
        "1": 1.581,
        "2": 15.314,
        "3": 1.937,
        "4": 4.667
      },
      "opioid_pct": {
        "0": 0.0,
        "1": 0.0,
        "2": 1.0,
        "3": 0.004,
        "4": 0.0
      },
      "gi_severe_pct": {
        "0": 0.026,
        "1": 0.016,
        "2": 0.05,
        "3": 0.052,
        "4": 0.068
      },
      "severity_pct": {
        "0": 0.101,
        "1": 0.089,
        "2": 0.412,
        "3": 0.221,
        "4": 0.405
      },
      "pct_female": {
        "0": 0.0,
        "1": 1.0,
        "2": 0.695,
        "3": 0.675,
        "4": 0.68
      },
      "tto_mean": {
        "0": 18.238,
        "1": 19.03,
        "2": 32.734,
        "3": 465.017,
        "4": 37.25
      }
    }
  },
  "classification": {
    "logistic_regression": {
      "auc": 0.8111429382176399,
      "f1": 0.4275624461670973,
      "recall": 0.6307496823379923,
      "precision": 0.32338762214983713,
      "confusion_matrix": [
        [
          30621,
          5193
        ],
        [
          1453,
          2482
        ]
      ]
    },
    "random_forest": {
      "auc": 0.8438492496421401,
      "f1": 0.2230061439868301,
      "recall": 0.9639135959339263,
      "precision": 0.12608869091150854,
      "cv_auc_mean": NaN,
      "cv_auc_std": NaN,
      "confusion_matrix": [
        [
          9525,
          26289
        ],
        [
          142,
          3793
        ]
      ]
    },
    "feature_columns": [
      "age_yr",
      "wt_kg",
      "polypharmacy_count",
      "concurrent_opioid",
      "sex_bin",
      "is_us",
      "gi_severe_flag",
      "glp1_drug_enc",
      "time_to_onset_days",
      "log_poly",
      "age_wt_interaction"
    ],
    "n_train": 158993,
    "n_test": 39749,
    "class_balance": 0.09900272715379739
  },
  "extended": {
    "pca_explained_variance_ratio": [
      0.23837478942686424,
      0.2305198847627115,
      0.14137267852225643,
      0.10797132552472344,
      0.09540156656937528,
      0.09294030264244198,
      0.06599675312062961,
      0.013833661722635726,
      0.007494054998140542,
      0.006094982710221053
    ],
    "pca_cumulative_variance": [
      0.23837478942686424,
      0.46889467418957576,
      0.6102673527118322,
      0.7182386782365556,
      0.8136402448059309,
      0.9065805474483729,
      0.9725773005690025,
      0.9864109622916382,
      0.9939050172897786,
      0.9999999999999997
    ],
    "dbscan_n_clusters": 1,
    "decision_tree": {
      "model": "DecisionTree",
      "accuracy": 0.7911,
      "precision": 0.3073558648111332,
      "recall": 0.6901785714285714,
      "f1": 0.42530949105914717,
      "roc_auc": 0.7878938927767054
    },
    "gaussian_nb": {
      "model": "GaussianNB",
      "accuracy": 0.8662,
      "precision": 0.391,
      "recall": 0.34910714285714284,
      "f1": 0.36886792452830186,
      "roc_auc": 0.774218096444659
    },
    "random_forest": {
      "model": "RandomForest",
      "accuracy": 0.8562,
      "precision": 0.36705685618729095,
      "recall": 0.3919642857142857,
      "f1": 0.3791018998272884,
      "roc_auc": 0.6992740508365509
    }
  }
}