{
  "clustering": {
    "silhouette": NaN,
    "davies_bouldin": 0.6964444017287189,
    "best_k": 5,
    "cluster_names": {
      "1": "Low-Risk Stable",
      "0": "Moderate-Risk Active",
      "3": "High-Risk Vulnerable",
      "4": "Very High-Risk Complex",
      "2": "Critical Risk"
    },
    "profile": {
      "n": {
        "0": 76791,
        "1": 115606,
        "2": 2718,
        "3": 4543,
        "4": 7316
      },
      "age_mean": {
        "0": 57.801,
        "1": 55.365,
        "2": 57.535,
        "3": 56.059,
        "4": 52.941
      },
      "wt_mean": {
        "0": 98.487,
        "1": 86.724,
        "2": 91.169,
        "3": 90.814,
        "4": 75.952
      },
      "poly_mean": {
        "0": 1.501,
        "1": 1.581,
        "2": 15.314,
        "3": 1.937,
        "4": 4.667
      },
      "opioid_pct": {
        "0": 0.0,
        "1": 0.0,
        "2": 1.0,
        "3": 0.004,
        "4": 0.0
      },
      "gi_severe_pct": {
        "0": 0.026,
        "1": 0.016,
        "2": 0.05,
        "3": 0.052,
        "4": 0.068
      },
      "severity_pct": {
        "0": 0.101,
        "1": 0.089,
        "2": 0.412,
        "3": 0.221,
        "4": 0.405
      },
      "pct_female": {
        "0": 0.0,
        "1": 1.0,
        "2": 0.695,
        "3": 0.675,
        "4": 0.68
      },
      "tto_mean": {
        "0": 18.238,
        "1": 19.03,
        "2": 32.734,
        "3": 465.017,
        "4": 37.25
      }
    }
  },
  "classification": {
    "logistic_regression": {
      "auc": 0.8111429382176399,
      "f1": 0.4275624461670973,
      "recall": 0.6307496823379923,
      "precision": 0.32338762214983713,
      "confusion_matrix": [
        [
          30621,
          5193
        ],
        [
          1453,
          2482
        ]
      ]
    },
    "random_forest": {
      "auc": 0.8438492496421401,
      "f1": 0.4297520661157025,
      "recall": 0.7334180432020331,
      "precision": 0.30391743892165124,
      "cv_auc_mean": NaN,
      "cv_auc_std": NaN,
      "confusion_matrix": [
        [
          29204,
          6610
        ],
        [
          1049,
          2886
        ]
      ]
    },
    "feature_columns": [
      "age_yr",
      "wt_kg",
      "polypharmacy_count",
      "concurrent_opioid",
      "sex_bin",
      "is_us",
      "gi_severe_flag",
      "glp1_drug_enc",
      "time_to_onset_days",
      "log_poly",
      "age_wt_interaction"
    ],
    "n_train": 158993,
    "n_test": 39749,
    "class_balance": 0.09900272715379739
  },
  "extended": {
    "pca_explained_variance_ratio": [
      0.9683623046252752,
      0.022803050216402138,
      0.007028952885913172,
      0.0017336585099012771,
      3.5398961901264046e-05,
      1.684593337517049e-05,
      1.0101671059656772e-05,
      4.37812194018177e-06,
      3.682082929133611e-06,
      1.6269913028720675e-06
    ],
    "pca_cumulative_variance": [
      0.9683623046252752,
      0.9911653548416773,
      0.9981943077275905,
      0.9999279662374918,
      0.9999633651993931,
      0.9999802111327682,
      0.9999903128038279,
      0.9999946909257681,
      0.9999983730086972,
      1.0
    ],
    "dbscan_n_clusters": 50,
    "decision_tree": {
      "model": "DecisionTree",
      "accuracy": 0.8209,
      "precision": 0.34315100514259,
      "recall": 0.6553571428571429,
      "f1": 0.4504449217551396,
      "roc_auc": 0.790244329150579
    },
    "gaussian_nb": {
      "model": "GaussianNB",
      "accuracy": 0.8662,
      "precision": 0.391,
      "recall": 0.34910714285714284,
      "f1": 0.36886792452830186,
      "roc_auc": 0.774218096444659
    },
    "random_forest": {
      "model": "RandomForest",
      "accuracy": 0.8557,
      "precision": 0.36371308016877635,
      "recall": 0.3848214285714286,
      "f1": 0.3739696312364425,
      "roc_auc": 0.6972605473777348
    }
  }
}